,reward,max_delay
0,-20.0,10.0
1,-42.0,11.0
2,-20.0,10.0
3,-64.0,12.0
4,-90.0,13.0
5,-90.0,13.0
6,2.0,8.0
7,-20.0,10.0
8,-26.0,8.0
9,-21.0,10.0
10,-42.0,11.0
11,-146.0,15.0
12,-90.0,13.0
13,2.0,8.0
14,-20.0,10.0
15,-90.0,13.0
16,-42.0,11.0
17,-21.0,10.0
18,-90.0,13.0
19,-42.0,11.0
20,-90.0,13.0
21,-2.0,9.0
22,-117.0,14.0
23,-65.0,12.0
24,-65.0,12.0
25,2.0,8.0
26,-41.0,11.0
27,-90.0,13.0
28,-2.0,9.0
29,-20.0,10.0
30,-83.0,11.0
31,-11.0,8.0
32,-1.0,9.0
33,2.0,8.0
34,-11.0,8.0
35,-1.0,9.0
36,-2.0,9.0
37,-90.0,13.0
38,-65.0,12.0
39,-1.0,9.0
40,-65.0,12.0
41,-2.0,9.0
42,-2.0,9.0
43,2.0,8.0
44,-42.0,11.0
45,-11.0,8.0
46,-26.0,8.0
47,2.0,8.0
48,-187.0,15.0
49,2.0,8.0
50,-1.0,9.0
51,-1.0,9.0
52,2.0,8.0
53,-21.0,10.0
54,-1.0,9.0
55,-42.0,11.0
56,-11.0,8.0
57,2.0,8.0
58,-65.0,12.0
59,-43.0,9.0
60,-2.0,9.0
61,-41.0,11.0
62,2.0,8.0
63,-1.0,9.0
64,-42.0,11.0
65,-1.0,9.0
66,2.0,8.0
67,-42.0,11.0
68,-26.0,8.0
69,2.0,8.0
70,-21.0,10.0
71,-42.0,11.0
72,-42.0,11.0
73,-21.0,10.0
74,-42.0,11.0
75,-2.0,9.0
76,-90.0,13.0
77,-2.0,9.0
78,-64.0,12.0
79,-65.0,12.0
80,-65.0,12.0
81,-21.0,10.0
82,-11.0,8.0
83,2.0,8.0
84,-2.0,9.0
85,-2.0,9.0
86,2.0,8.0
87,-26.0,8.0
88,-1.0,9.0
89,-1.0,9.0
90,-21.0,10.0
91,-1.0,9.0
92,2.0,8.0
93,-20.0,10.0
94,-65.0,12.0
95,-1.0,9.0
96,-2.0,9.0
97,-42.0,11.0
98,-209.0,17.0
99,2.0,8.0
100,-2.0,9.0
101,-65.0,12.0
102,-21.0,10.0
103,-2.0,9.0
104,-41.0,11.0
105,-90.0,13.0
106,-65.0,12.0
107,2.0,8.0
108,-177.0,16.0
109,-43.0,9.0
110,-106.0,12.0
111,-21.0,10.0
112,-11.0,8.0
113,-1.0,9.0
114,-177.0,16.0
115,-43.0,9.0
116,-2.0,9.0
117,-117.0,14.0
118,-1.0,9.0
119,-1.0,9.0
120,2.0,8.0
121,-1.0,9.0
122,-177.0,16.0
123,-2.0,9.0
124,2.0,8.0
125,-21.0,10.0
126,-65.0,12.0
127,-2.0,9.0
128,-42.0,11.0
129,2.0,8.0
130,-65.0,12.0
131,-21.0,10.0
132,2.0,8.0
133,-11.0,8.0
134,-41.0,11.0
135,2.0,8.0
136,-65.0,12.0
137,-21.0,10.0
138,2.0,8.0
139,-21.0,10.0
140,-1.0,9.0
141,-1.0,9.0
142,-90.0,13.0
143,2.0,8.0
144,-1.0,9.0
145,-20.0,10.0
146,2.0,8.0
147,-21.0,10.0
148,-1.0,9.0
149,-2.0,9.0
150,2.0,8.0
151,-42.0,11.0
152,-65.0,12.0
153,2.0,8.0
154,-65.0,12.0
155,-117.0,14.0
156,-11.0,8.0
157,-1.0,9.0
158,2.0,8.0
159,-42.0,11.0
160,-11.0,8.0
161,-2.0,9.0
162,2.0,8.0
163,-20.0,10.0
164,-117.0,14.0
165,-42.0,11.0
166,-42.0,11.0
167,-146.0,15.0
168,-26.0,8.0
169,-1.0,9.0
170,-64.0,12.0
171,-20.0,10.0
172,-41.0,11.0
173,-146.0,15.0
174,-1.0,9.0
175,-177.0,16.0
176,-90.0,13.0
177,-21.0,10.0
178,-11.0,8.0
179,-146.0,15.0
180,-41.0,11.0
181,-11.0,8.0
182,2.0,8.0
183,-65.0,12.0
184,-2.0,9.0
185,-41.0,11.0
186,-20.0,10.0
187,-21.0,10.0
188,-1.0,9.0
189,-26.0,8.0
190,-11.0,8.0
191,-11.0,8.0
192,-43.0,9.0
193,-20.0,10.0
194,2.0,8.0
195,-21.0,10.0
196,2.0,8.0
197,-42.0,11.0
198,-41.0,11.0
199,-42.0,11.0
200,-2.0,9.0
201,-26.0,8.0
202,2.0,8.0
203,-176.0,16.0
204,-2.0,9.0
205,-65.0,12.0
206,-117.0,14.0
207,-21.0,10.0
208,-41.0,11.0
209,-90.0,13.0
210,-117.0,14.0
211,-177.0,16.0
212,-21.0,10.0
213,-11.0,8.0
214,2.0,8.0
215,-11.0,8.0
216,-64.0,12.0
217,-65.0,12.0
218,-26.0,8.0
219,-65.0,12.0
220,-41.0,11.0
221,-42.0,11.0
222,-20.0,10.0
223,-1.0,9.0
224,-21.0,10.0
225,-1.0,9.0
226,2.0,8.0
227,-42.0,11.0
228,-41.0,11.0
229,-2.0,9.0
230,-1.0,9.0
231,-2.0,9.0
232,-1.0,9.0
233,-90.0,13.0
234,-2.0,9.0
235,-21.0,10.0
236,2.0,8.0
237,-21.0,10.0
238,-20.0,10.0
239,-1.0,9.0
240,-2.0,9.0
241,2.0,8.0
242,-131.0,13.0
243,-21.0,10.0
244,-2.0,9.0
245,-1.0,9.0
246,-20.0,10.0
247,2.0,8.0
248,-83.0,11.0
249,-1.0,9.0
250,-21.0,10.0
251,-90.0,13.0
252,2.0,8.0
253,-11.0,8.0
254,-21.0,10.0
255,-21.0,10.0
256,-2.0,9.0
257,-1.0,9.0
258,-26.0,8.0
259,-1.0,9.0
260,-62.0,10.0
261,-1.0,9.0
262,-1.0,9.0
263,-2.0,9.0
264,-1.0,9.0
265,-146.0,15.0
266,-11.0,8.0
267,-41.0,11.0
268,-20.0,10.0
269,-26.0,8.0
270,2.0,8.0
271,-2.0,9.0
272,-21.0,10.0
273,-1.0,9.0
274,2.0,8.0
275,-11.0,8.0
276,-42.0,11.0
277,-20.0,10.0
278,-2.0,9.0
279,-1.0,9.0
280,-43.0,9.0
281,-41.0,11.0
282,-26.0,8.0
283,-65.0,12.0
284,-21.0,10.0
285,-11.0,8.0
286,2.0,8.0
287,-21.0,10.0
288,-42.0,11.0
289,-2.0,9.0
290,-21.0,10.0
291,-117.0,14.0
292,-11.0,8.0
293,-1.0,9.0
294,2.0,8.0
295,-177.0,16.0
296,-146.0,15.0
297,-20.0,10.0
298,-146.0,15.0
299,2.0,8.0
300,-1.0,9.0
301,-2.0,9.0
302,-41.0,11.0
303,-21.0,10.0
304,-62.0,10.0
305,-177.0,16.0
306,-62.0,10.0
307,-42.0,11.0
308,-64.0,12.0
309,-21.0,10.0
310,-21.0,10.0
311,-1.0,9.0
312,-2.0,9.0
313,-41.0,11.0
314,-1.0,9.0
315,-65.0,12.0
316,-90.0,13.0
317,-20.0,10.0
318,-210.0,17.0
319,2.0,8.0
320,-42.0,11.0
321,-65.0,12.0
322,-1.0,9.0
323,-1.0,9.0
324,-42.0,11.0
325,2.0,8.0
326,-65.0,12.0
327,-11.0,8.0
328,-21.0,10.0
329,-2.0,9.0
330,2.0,8.0
331,-2.0,9.0
332,2.0,8.0
333,-2.0,9.0
334,-42.0,11.0
335,-20.0,10.0
336,-2.0,9.0
337,-21.0,10.0
338,-2.0,9.0
339,-2.0,9.0
340,-42.0,11.0
341,-2.0,9.0
342,-2.0,9.0
343,2.0,8.0
344,-26.0,8.0
345,-20.0,10.0
346,-41.0,11.0
347,-1.0,9.0
348,-65.0,12.0
349,-64.0,12.0
350,-26.0,8.0
351,-546.0,25.0
352,-1.0,9.0
353,-42.0,11.0
354,-1.0,9.0
355,-41.0,11.0
356,-2.0,9.0
357,-2.0,9.0
358,-62.0,10.0
359,-65.0,12.0
360,-21.0,10.0
361,-65.0,12.0
362,-1.0,9.0
363,2.0,8.0
364,-62.0,10.0
365,-11.0,8.0
366,-117.0,14.0
367,-20.0,10.0
368,-2.0,9.0
369,-2.0,9.0
370,-1.0,9.0
371,2.0,8.0
372,-65.0,12.0
373,-42.0,11.0
374,-21.0,10.0
375,-42.0,11.0
376,-11.0,8.0
377,-42.0,11.0
378,-26.0,8.0
379,-2.0,9.0
380,-210.0,17.0
381,-83.0,11.0
382,-1.0,9.0
383,-116.0,14.0
384,-26.0,8.0
385,-282.0,19.0
386,-21.0,10.0
387,-42.0,11.0
388,-21.0,10.0
389,-89.0,13.0
390,-21.0,10.0
391,-43.0,9.0
392,-41.0,11.0
393,-1.0,9.0
394,-145.0,15.0
395,-21.0,10.0
396,-42.0,11.0
397,-20.0,10.0
398,-43.0,9.0
399,-90.0,13.0
400,-1.0,9.0
401,-117.0,14.0
402,-20.0,10.0
403,-1.0,9.0
404,-11.0,8.0
405,-42.0,11.0
406,-1.0,9.0
407,-2.0,9.0
408,-42.0,11.0
409,-21.0,10.0
410,-65.0,12.0
411,-90.0,13.0
412,-42.0,11.0
413,-1.0,9.0
414,-26.0,8.0
415,-1.0,9.0
416,-21.0,10.0
417,-2.0,9.0
418,-64.0,12.0
419,-11.0,8.0
420,-11.0,8.0
421,2.0,8.0
422,-21.0,10.0
423,-41.0,11.0
424,-117.0,14.0
425,-65.0,12.0
426,-21.0,10.0
427,-11.0,8.0
428,-65.0,12.0
429,2.0,8.0
430,-2.0,9.0
431,-2.0,9.0
432,-11.0,8.0
433,-21.0,10.0
434,-2.0,9.0
435,2.0,8.0
436,-90.0,13.0
437,2.0,8.0
438,2.0,8.0
439,2.0,8.0
440,-21.0,10.0
441,-42.0,11.0
442,-64.0,12.0
443,-1.0,9.0
444,-65.0,12.0
445,-20.0,10.0
446,-2.0,9.0
447,-41.0,11.0
448,2.0,8.0
449,2.0,8.0
450,-62.0,10.0
451,-42.0,11.0
452,-42.0,11.0
453,-21.0,10.0
454,-11.0,8.0
455,2.0,8.0
456,-106.0,12.0
457,-90.0,13.0
458,-41.0,11.0
459,-90.0,13.0
460,-2.0,9.0
461,2.0,8.0
462,-2.0,9.0
463,-42.0,11.0
464,-2.0,9.0
465,-21.0,10.0
466,-117.0,14.0
467,-42.0,11.0
468,-1.0,9.0
469,-2.0,9.0
470,-1.0,9.0
471,-21.0,10.0
472,-1.0,9.0
473,-1.0,9.0
474,-42.0,11.0
475,-90.0,13.0
476,-11.0,8.0
477,-2.0,9.0
478,2.0,8.0
479,-2.0,9.0
480,-2.0,9.0
481,-41.0,11.0
482,-21.0,10.0
483,-20.0,10.0
484,-177.0,16.0
485,-21.0,10.0
486,-42.0,11.0
487,-62.0,10.0
488,-2.0,9.0
489,2.0,8.0
490,-11.0,8.0
491,-11.0,8.0
492,2.0,8.0
493,-90.0,13.0
494,2.0,8.0
495,-20.0,10.0
496,2.0,8.0
497,-26.0,8.0
498,-321.0,20.0
499,-1.0,9.0
500,-21.0,10.0
501,-177.0,16.0
502,-321.0,20.0
503,-65.0,12.0
504,-21.0,10.0
505,-1.0,9.0
506,-42.0,11.0
507,-1.0,9.0
508,-2.0,9.0
509,-21.0,10.0
510,-21.0,10.0
511,-41.0,11.0
512,-2.0,9.0
513,-43.0,9.0
514,-42.0,11.0
515,-11.0,8.0
516,-21.0,10.0
517,-1.0,9.0
518,2.0,8.0
519,2.0,8.0
520,-21.0,10.0
521,-117.0,14.0
522,-65.0,12.0
523,-42.0,11.0
524,-2.0,9.0
525,-2.0,9.0
526,2.0,8.0
527,-2.0,9.0
528,-90.0,13.0
529,-90.0,13.0
530,-1.0,9.0
531,-26.0,8.0
532,-42.0,11.0
533,-21.0,10.0
534,-21.0,10.0
535,-26.0,8.0
536,-1.0,9.0
537,-89.0,13.0
538,-20.0,10.0
539,-21.0,10.0
540,2.0,8.0
541,2.0,8.0
542,-2.0,9.0
543,2.0,8.0
544,-65.0,12.0
545,-20.0,10.0
546,-42.0,11.0
547,-146.0,15.0
548,-21.0,10.0
549,-21.0,10.0
550,-65.0,12.0
551,2.0,8.0
552,2.0,8.0
553,-2.0,9.0
554,-90.0,13.0
555,2.0,8.0
556,-20.0,10.0
557,-20.0,10.0
558,-2.0,9.0
559,-2.0,9.0
560,-20.0,10.0
561,-11.0,8.0
562,-42.0,11.0
563,-11.0,8.0
564,-21.0,10.0
565,-146.0,15.0
566,-41.0,11.0
567,-1.0,9.0
568,-2.0,9.0
569,2.0,8.0
570,-21.0,10.0
571,-2.0,9.0
572,-2.0,9.0
573,-11.0,8.0
574,-2.0,9.0
575,2.0,8.0
576,-11.0,8.0
577,2.0,8.0
578,2.0,8.0
579,-2.0,9.0
580,-11.0,8.0
581,-1.0,9.0
582,-2.0,9.0
583,-2.0,9.0
584,-2.0,9.0
585,-20.0,10.0
586,-11.0,8.0
587,-1.0,9.0
588,-21.0,10.0
589,-2.0,9.0
590,-26.0,8.0
591,-65.0,12.0
592,-2.0,9.0
593,-1.0,9.0
594,-42.0,11.0
595,-42.0,11.0
596,-21.0,10.0
597,-2.0,9.0
598,-117.0,14.0
599,-1.0,9.0
600,-42.0,11.0
601,-21.0,10.0
602,-11.0,8.0
603,2.0,8.0
604,-21.0,10.0
605,-2.0,9.0
606,2.0,8.0
607,-2.0,9.0
608,-21.0,10.0
609,-20.0,10.0
610,-65.0,12.0
611,-65.0,12.0
612,-11.0,8.0
613,-2.0,9.0
614,-1.0,9.0
615,-2.0,9.0
616,-20.0,10.0
617,-2.0,9.0
618,2.0,8.0
619,-21.0,10.0
620,-21.0,10.0
621,-21.0,10.0
622,-21.0,10.0
623,-41.0,11.0
624,-21.0,10.0
625,-21.0,10.0
626,-21.0,10.0
627,2.0,8.0
628,-2.0,9.0
629,-42.0,11.0
630,2.0,8.0
631,2.0,8.0
632,-2.0,9.0
633,-20.0,10.0
634,-64.0,12.0
635,-42.0,11.0
636,-2.0,9.0
637,-21.0,10.0
638,-2.0,9.0
639,2.0,8.0
640,-2.0,9.0
641,-20.0,10.0
642,-2.0,9.0
643,-21.0,10.0
644,-1.0,9.0
645,-2.0,9.0
646,-41.0,11.0
647,-21.0,10.0
648,-42.0,11.0
649,-42.0,11.0
650,-2.0,9.0
651,-2.0,9.0
652,2.0,8.0
653,-2.0,9.0
654,-21.0,10.0
655,-2.0,9.0
656,-42.0,11.0
657,-21.0,10.0
658,2.0,8.0
659,-20.0,10.0
660,-41.0,11.0
661,-90.0,13.0
662,2.0,8.0
663,-21.0,10.0
664,2.0,8.0
665,-2.0,9.0
666,-2.0,9.0
667,-2.0,9.0
668,-2.0,9.0
669,-21.0,10.0
670,-21.0,10.0
671,-11.0,8.0
672,-2.0,9.0
673,2.0,8.0
674,-1.0,9.0
675,-65.0,12.0
676,2.0,8.0
677,-11.0,8.0
678,-2.0,9.0
679,2.0,8.0
680,-11.0,8.0
681,2.0,8.0
682,2.0,8.0
683,2.0,8.0
684,2.0,8.0
685,-2.0,9.0
686,-2.0,9.0
687,-2.0,9.0
688,2.0,8.0
689,2.0,8.0
690,2.0,8.0
691,2.0,8.0
692,2.0,8.0
693,2.0,8.0
694,2.0,8.0
695,2.0,8.0
696,-2.0,9.0
697,-21.0,10.0
698,-21.0,10.0
699,-2.0,9.0
700,-2.0,9.0
701,-21.0,10.0
702,-21.0,10.0
703,-65.0,12.0
704,2.0,8.0
705,-2.0,9.0
706,-2.0,9.0
707,-21.0,10.0
708,2.0,8.0
709,-64.0,12.0
710,-1.0,9.0
711,2.0,8.0
712,-2.0,9.0
713,-2.0,9.0
714,-21.0,10.0
715,2.0,8.0
716,2.0,8.0
717,-1.0,9.0
718,-1.0,9.0
719,-42.0,11.0
720,-21.0,10.0
721,-2.0,9.0
722,-2.0,9.0
723,-11.0,8.0
724,-1.0,9.0
725,-2.0,9.0
726,-2.0,9.0
727,-2.0,9.0
728,-20.0,10.0
729,2.0,8.0
730,2.0,8.0
731,2.0,8.0
732,-2.0,9.0
733,-26.0,8.0
734,-2.0,9.0
735,2.0,8.0
736,-21.0,10.0
737,2.0,8.0
738,-11.0,8.0
739,-42.0,11.0
740,-65.0,12.0
741,2.0,8.0
742,2.0,8.0
743,2.0,8.0
744,-1.0,9.0
745,-2.0,9.0
746,2.0,8.0
747,-2.0,9.0
748,-2.0,9.0
749,2.0,8.0
750,-11.0,8.0
751,-11.0,8.0
752,2.0,8.0
753,-2.0,9.0
754,-43.0,9.0
755,2.0,8.0
756,2.0,8.0
757,-21.0,10.0
758,-21.0,10.0
759,-2.0,9.0
760,-2.0,9.0
761,2.0,8.0
762,-11.0,8.0
763,2.0,8.0
764,2.0,8.0
765,-2.0,9.0
766,-21.0,10.0
767,2.0,8.0
768,2.0,8.0
769,2.0,8.0
770,-21.0,10.0
771,-2.0,9.0
772,2.0,8.0
773,-2.0,9.0
774,-21.0,10.0
775,-2.0,9.0
776,-20.0,10.0
777,2.0,8.0
778,2.0,8.0
779,-1.0,9.0
780,-1.0,9.0
781,-11.0,8.0
782,-2.0,9.0
783,-21.0,10.0
784,2.0,8.0
785,-2.0,9.0
786,-21.0,10.0
787,-11.0,8.0
788,-42.0,11.0
789,-21.0,10.0
790,-90.0,13.0
791,-2.0,9.0
792,-2.0,9.0
793,-11.0,8.0
794,-1.0,9.0
795,-1.0,9.0
796,2.0,8.0
797,-11.0,8.0
798,2.0,8.0
799,-21.0,10.0
800,-1.0,9.0
801,2.0,8.0
802,2.0,8.0
803,2.0,8.0
804,-21.0,10.0
805,-21.0,10.0
806,-2.0,9.0
807,-2.0,9.0
808,-2.0,9.0
809,-2.0,9.0
810,-11.0,8.0
811,2.0,8.0
812,2.0,8.0
813,2.0,8.0
814,2.0,8.0
815,2.0,8.0
816,-1.0,9.0
817,-11.0,8.0
818,-2.0,9.0
819,2.0,8.0
820,2.0,8.0
821,-21.0,10.0
822,2.0,8.0
823,-2.0,9.0
824,-11.0,8.0
825,-21.0,10.0
826,2.0,8.0
827,-1.0,9.0
828,-2.0,9.0
829,-2.0,9.0
830,-21.0,10.0
831,2.0,8.0
832,2.0,8.0
833,2.0,8.0
834,2.0,8.0
835,-21.0,10.0
836,-21.0,10.0
837,-2.0,9.0
838,-2.0,9.0
839,2.0,8.0
840,2.0,8.0
841,2.0,8.0
842,2.0,8.0
843,-21.0,10.0
844,-1.0,9.0
845,2.0,8.0
846,2.0,8.0
847,-2.0,9.0
848,-2.0,9.0
849,2.0,8.0
850,-11.0,8.0
851,-2.0,9.0
852,2.0,8.0
853,2.0,8.0
854,-2.0,9.0
855,-2.0,9.0
856,-1.0,9.0
857,-42.0,11.0
858,-42.0,11.0
859,-21.0,10.0
860,-11.0,8.0
861,-2.0,9.0
862,2.0,8.0
863,2.0,8.0
864,-2.0,9.0
865,-21.0,10.0
866,-2.0,9.0
867,2.0,8.0
868,-11.0,8.0
869,2.0,8.0
870,-1.0,9.0
871,2.0,8.0
872,-2.0,9.0
873,-2.0,9.0
874,2.0,8.0
875,2.0,8.0
876,2.0,8.0
877,-2.0,9.0
878,-2.0,9.0
879,-11.0,8.0
880,2.0,8.0
881,-1.0,9.0
882,-2.0,9.0
883,2.0,8.0
884,2.0,8.0
885,-2.0,9.0
886,-21.0,10.0
887,-2.0,9.0
888,-2.0,9.0
889,2.0,8.0
890,-1.0,9.0
891,2.0,8.0
892,-2.0,9.0
893,2.0,8.0
894,-2.0,9.0
895,-2.0,9.0
896,-2.0,9.0
897,-2.0,9.0
898,-2.0,9.0
899,2.0,8.0
900,-2.0,9.0
901,2.0,8.0
902,-1.0,9.0
903,2.0,8.0
904,-1.0,9.0
905,-11.0,8.0
906,2.0,8.0
907,-21.0,10.0
908,-21.0,10.0
909,-2.0,9.0
910,2.0,8.0
911,-2.0,9.0
912,2.0,8.0
913,2.0,8.0
914,2.0,8.0
915,2.0,8.0
916,-2.0,9.0
917,-2.0,9.0
918,-2.0,9.0
919,-21.0,10.0
920,-2.0,9.0
921,-2.0,9.0
922,-2.0,9.0
923,-2.0,9.0
924,-2.0,9.0
925,-1.0,9.0
926,-2.0,9.0
927,-2.0,9.0
928,-1.0,9.0
929,-11.0,8.0
930,-2.0,9.0
931,-2.0,9.0
932,-2.0,9.0
933,-42.0,11.0
934,-1.0,9.0
935,2.0,8.0
936,-1.0,9.0
937,-2.0,9.0
938,-2.0,9.0
939,-11.0,8.0
940,2.0,8.0
941,2.0,8.0
942,-20.0,10.0
943,-21.0,10.0
944,-2.0,9.0
945,-21.0,10.0
946,-2.0,9.0
947,2.0,8.0
948,2.0,8.0
949,2.0,8.0
950,-21.0,10.0
951,-2.0,9.0
952,-42.0,11.0
953,-21.0,10.0
954,-2.0,9.0
955,2.0,8.0
956,2.0,8.0
957,-21.0,10.0
958,2.0,8.0
959,2.0,8.0
960,-2.0,9.0
961,-2.0,9.0
962,-2.0,9.0
963,2.0,8.0
964,-2.0,9.0
965,-1.0,9.0
966,-2.0,9.0
967,-2.0,9.0
968,-1.0,9.0
969,-11.0,8.0
970,2.0,8.0
971,2.0,8.0
972,-2.0,9.0
973,-42.0,11.0
974,-2.0,9.0
975,-21.0,10.0
976,-2.0,9.0
977,-2.0,9.0
978,-2.0,9.0
979,-2.0,9.0
980,2.0,8.0
981,-1.0,9.0
982,-1.0,9.0
983,2.0,8.0
984,2.0,8.0
985,-21.0,10.0
986,2.0,8.0
987,2.0,8.0
988,2.0,8.0
989,2.0,8.0
990,2.0,8.0
991,-2.0,9.0
992,-2.0,9.0
993,2.0,8.0
994,2.0,8.0
995,-21.0,10.0
996,-2.0,9.0
997,2.0,8.0
998,2.0,8.0
999,-1.0,9.0
1000,2.0,8.0
1001,2.0,8.0
1002,2.0,8.0
1003,2.0,8.0
1004,2.0,8.0
1005,-1.0,9.0
1006,2.0,8.0
1007,2.0,8.0
1008,-1.0,9.0
1009,2.0,8.0
1010,-11.0,8.0
1011,2.0,8.0
1012,2.0,8.0
1013,2.0,8.0
1014,-11.0,8.0
1015,-2.0,9.0
1016,2.0,8.0
1017,2.0,8.0
1018,2.0,8.0
1019,2.0,8.0
1020,-2.0,9.0
1021,-1.0,9.0
1022,2.0,8.0
1023,2.0,8.0
1024,-21.0,10.0
1025,-11.0,8.0
1026,2.0,8.0
1027,2.0,8.0
1028,2.0,8.0
1029,2.0,8.0
1030,2.0,8.0
1031,-1.0,9.0
1032,-1.0,9.0
1033,-21.0,10.0
1034,2.0,8.0
1035,2.0,8.0
1036,2.0,8.0
1037,2.0,8.0
1038,2.0,8.0
1039,2.0,8.0
1040,2.0,8.0
1041,2.0,8.0
1042,2.0,8.0
1043,2.0,8.0
1044,2.0,8.0
1045,2.0,8.0
1046,2.0,8.0
1047,-2.0,9.0
1048,2.0,8.0
1049,2.0,8.0
1050,2.0,8.0
1051,2.0,8.0
1052,-11.0,8.0
1053,2.0,8.0
1054,2.0,8.0
1055,-11.0,8.0
1056,2.0,8.0
1057,2.0,8.0
1058,2.0,8.0
1059,2.0,8.0
1060,2.0,8.0
1061,-2.0,9.0
1062,2.0,8.0
1063,2.0,8.0
1064,2.0,8.0
1065,2.0,8.0
1066,2.0,8.0
1067,2.0,8.0
1068,2.0,8.0
1069,-11.0,8.0
1070,2.0,8.0
1071,2.0,8.0
1072,2.0,8.0
1073,2.0,8.0
1074,2.0,8.0
1075,2.0,8.0
1076,2.0,8.0
1077,2.0,8.0
1078,-21.0,10.0
1079,2.0,8.0
1080,-20.0,10.0
1081,2.0,8.0
1082,-11.0,8.0
1083,-2.0,9.0
1084,2.0,8.0
1085,2.0,8.0
1086,2.0,8.0
1087,-11.0,8.0
1088,2.0,8.0
1089,-2.0,9.0
1090,2.0,8.0
1091,-1.0,9.0
1092,2.0,8.0
1093,2.0,8.0
1094,2.0,8.0
1095,2.0,8.0
1096,2.0,8.0
1097,2.0,8.0
1098,2.0,8.0
1099,2.0,8.0
1100,2.0,8.0
1101,2.0,8.0
1102,2.0,8.0
1103,2.0,8.0
1104,-21.0,10.0
1105,2.0,8.0
1106,-2.0,9.0
1107,-2.0,9.0
1108,-11.0,8.0
1109,2.0,8.0
1110,2.0,8.0
1111,2.0,8.0
1112,-2.0,9.0
1113,2.0,8.0
1114,2.0,8.0
1115,2.0,8.0
1116,2.0,8.0
1117,2.0,8.0
1118,2.0,8.0
1119,2.0,8.0
1120,-21.0,10.0
1121,2.0,8.0
1122,2.0,8.0
1123,2.0,8.0
1124,2.0,8.0
1125,2.0,8.0
1126,2.0,8.0
1127,2.0,8.0
1128,2.0,8.0
1129,2.0,8.0
1130,2.0,8.0
1131,-1.0,9.0
1132,2.0,8.0
1133,2.0,8.0
1134,2.0,8.0
1135,-21.0,10.0
1136,2.0,8.0
1137,2.0,8.0
1138,2.0,8.0
1139,-11.0,8.0
1140,-1.0,9.0
1141,2.0,8.0
1142,2.0,8.0
1143,2.0,8.0
1144,2.0,8.0
1145,2.0,8.0
1146,2.0,8.0
1147,2.0,8.0
1148,2.0,8.0
1149,2.0,8.0
1150,2.0,8.0
1151,2.0,8.0
1152,2.0,8.0
1153,2.0,8.0
1154,2.0,8.0
1155,2.0,8.0
1156,2.0,8.0
1157,2.0,8.0
1158,2.0,8.0
1159,2.0,8.0
1160,-11.0,8.0
1161,2.0,8.0
1162,-1.0,9.0
1163,2.0,8.0
1164,-2.0,9.0
1165,2.0,8.0
1166,2.0,8.0
1167,2.0,8.0
1168,-21.0,10.0
1169,-1.0,9.0
1170,2.0,8.0
1171,2.0,8.0
1172,2.0,8.0
1173,2.0,8.0
1174,2.0,8.0
1175,2.0,8.0
1176,2.0,8.0
1177,2.0,8.0
1178,2.0,8.0
1179,2.0,8.0
1180,2.0,8.0
1181,2.0,8.0
1182,2.0,8.0
1183,2.0,8.0
1184,2.0,8.0
1185,2.0,8.0
1186,-11.0,8.0
1187,2.0,8.0
1188,-11.0,8.0
1189,2.0,8.0
1190,2.0,8.0
1191,-2.0,9.0
1192,2.0,8.0
1193,2.0,8.0
1194,-2.0,9.0
1195,-1.0,9.0
1196,2.0,8.0
1197,-1.0,9.0
1198,2.0,8.0
1199,-2.0,9.0
1200,2.0,8.0
1201,2.0,8.0
1202,-11.0,8.0
1203,2.0,8.0
1204,2.0,8.0
1205,-1.0,9.0
1206,2.0,8.0
1207,2.0,8.0
1208,-2.0,9.0
1209,2.0,8.0
1210,2.0,8.0
1211,-21.0,10.0
1212,-1.0,9.0
1213,2.0,8.0
1214,2.0,8.0
1215,2.0,8.0
1216,2.0,8.0
1217,2.0,8.0
1218,2.0,8.0
1219,2.0,8.0
1220,-1.0,9.0
1221,2.0,8.0
1222,2.0,8.0
1223,2.0,8.0
1224,2.0,8.0
1225,2.0,8.0
1226,2.0,8.0
1227,2.0,8.0
1228,2.0,8.0
1229,2.0,8.0
1230,2.0,8.0
1231,2.0,8.0
1232,2.0,8.0
1233,2.0,8.0
1234,2.0,8.0
1235,2.0,8.0
1236,2.0,8.0
1237,2.0,8.0
1238,2.0,8.0
1239,2.0,8.0
1240,2.0,8.0
1241,2.0,8.0
1242,2.0,8.0
1243,2.0,8.0
1244,2.0,8.0
1245,2.0,8.0
1246,2.0,8.0
1247,2.0,8.0
1248,2.0,8.0
1249,2.0,8.0
1250,2.0,8.0
1251,2.0,8.0
1252,2.0,8.0
1253,2.0,8.0
1254,2.0,8.0
1255,-1.0,9.0
1256,-1.0,9.0
1257,2.0,8.0
1258,2.0,8.0
1259,2.0,8.0
1260,2.0,8.0
1261,2.0,8.0
1262,2.0,8.0
1263,-2.0,9.0
1264,2.0,8.0
1265,2.0,8.0
1266,2.0,8.0
1267,2.0,8.0
1268,2.0,8.0
1269,2.0,8.0
1270,2.0,8.0
1271,2.0,8.0
1272,2.0,8.0
1273,2.0,8.0
1274,2.0,8.0
1275,2.0,8.0
1276,2.0,8.0
1277,2.0,8.0
1278,2.0,8.0
1279,2.0,8.0
1280,2.0,8.0
1281,2.0,8.0
1282,-2.0,9.0
1283,-11.0,8.0
1284,2.0,8.0
1285,2.0,8.0
1286,2.0,8.0
1287,2.0,8.0
1288,-1.0,9.0
1289,2.0,8.0
1290,2.0,8.0
1291,2.0,8.0
1292,2.0,8.0
1293,2.0,8.0
1294,2.0,8.0
1295,-2.0,9.0
1296,2.0,8.0
1297,2.0,8.0
1298,2.0,8.0
1299,2.0,8.0
1300,2.0,8.0
1301,2.0,8.0
1302,2.0,8.0
1303,2.0,8.0
1304,2.0,8.0
1305,2.0,8.0
1306,-1.0,9.0
1307,2.0,8.0
1308,2.0,8.0
1309,2.0,8.0
1310,-2.0,9.0
1311,2.0,8.0
1312,-2.0,9.0
1313,2.0,8.0
1314,2.0,8.0
1315,2.0,8.0
1316,-2.0,9.0
1317,2.0,8.0
1318,2.0,8.0
1319,2.0,8.0
1320,2.0,8.0
1321,2.0,8.0
1322,2.0,8.0
1323,2.0,8.0
1324,2.0,8.0
1325,-1.0,9.0
1326,-11.0,8.0
1327,2.0,8.0
1328,-11.0,8.0
1329,2.0,8.0
1330,2.0,8.0
1331,2.0,8.0
1332,2.0,8.0
1333,2.0,8.0
1334,2.0,8.0
1335,2.0,8.0
1336,2.0,8.0
1337,2.0,8.0
1338,2.0,8.0
1339,2.0,8.0
1340,2.0,8.0
1341,2.0,8.0
1342,2.0,8.0
1343,2.0,8.0
1344,2.0,8.0
1345,2.0,8.0
1346,2.0,8.0
1347,2.0,8.0
1348,2.0,8.0
1349,2.0,8.0
1350,2.0,8.0
1351,2.0,8.0
1352,2.0,8.0
1353,2.0,8.0
1354,-2.0,9.0
1355,2.0,8.0
1356,2.0,8.0
1357,2.0,8.0
1358,2.0,8.0
1359,2.0,8.0
1360,2.0,8.0
1361,2.0,8.0
1362,2.0,8.0
1363,2.0,8.0
1364,2.0,8.0
1365,2.0,8.0
1366,2.0,8.0
1367,-11.0,8.0
1368,2.0,8.0
1369,2.0,8.0
1370,-11.0,8.0
1371,2.0,8.0
1372,2.0,8.0
1373,2.0,8.0
1374,2.0,8.0
1375,2.0,8.0
1376,-11.0,8.0
1377,2.0,8.0
1378,2.0,8.0
1379,-11.0,8.0
1380,2.0,8.0
1381,2.0,8.0
1382,2.0,8.0
1383,2.0,8.0
1384,2.0,8.0
1385,2.0,8.0
1386,2.0,8.0
1387,2.0,8.0
1388,2.0,8.0
1389,2.0,8.0
1390,2.0,8.0
1391,2.0,8.0
1392,2.0,8.0
1393,-26.0,8.0
1394,2.0,8.0
1395,2.0,8.0
1396,2.0,8.0
1397,-2.0,9.0
1398,2.0,8.0
1399,2.0,8.0
1400,2.0,8.0
1401,2.0,8.0
1402,2.0,8.0
1403,2.0,8.0
1404,2.0,8.0
1405,2.0,8.0
1406,2.0,8.0
1407,-11.0,8.0
1408,2.0,8.0
1409,-21.0,10.0
1410,2.0,8.0
1411,2.0,8.0
1412,2.0,8.0
1413,-11.0,8.0
1414,2.0,8.0
1415,2.0,8.0
1416,-11.0,8.0
1417,2.0,8.0
1418,-1.0,9.0
1419,-11.0,8.0
1420,2.0,8.0
1421,2.0,8.0
1422,2.0,8.0
1423,2.0,8.0
1424,2.0,8.0
1425,2.0,8.0
1426,-11.0,8.0
1427,2.0,8.0
1428,2.0,8.0
1429,2.0,8.0
1430,2.0,8.0
1431,2.0,8.0
1432,2.0,8.0
1433,2.0,8.0
1434,2.0,8.0
1435,2.0,8.0
1436,2.0,8.0
1437,2.0,8.0
1438,2.0,8.0
1439,2.0,8.0
1440,2.0,8.0
1441,2.0,8.0
1442,2.0,8.0
1443,2.0,8.0
1444,2.0,8.0
1445,2.0,8.0
1446,2.0,8.0
1447,2.0,8.0
1448,2.0,8.0
1449,2.0,8.0
1450,2.0,8.0
1451,2.0,8.0
1452,2.0,8.0
1453,2.0,8.0
1454,2.0,8.0
1455,2.0,8.0
1456,2.0,8.0
1457,2.0,8.0
1458,2.0,8.0
1459,2.0,8.0
1460,2.0,8.0
1461,2.0,8.0
1462,2.0,8.0
1463,2.0,8.0
1464,2.0,8.0
1465,2.0,8.0
1466,2.0,8.0
1467,2.0,8.0
1468,2.0,8.0
1469,2.0,8.0
1470,2.0,8.0
1471,2.0,8.0
1472,2.0,8.0
1473,2.0,8.0
1474,2.0,8.0
1475,2.0,8.0
1476,2.0,8.0
1477,2.0,8.0
1478,2.0,8.0
1479,2.0,8.0
1480,2.0,8.0
1481,2.0,8.0
1482,2.0,8.0
1483,2.0,8.0
1484,2.0,8.0
1485,2.0,8.0
1486,2.0,8.0
1487,2.0,8.0
1488,2.0,8.0
1489,2.0,8.0
1490,2.0,8.0
1491,2.0,8.0
1492,2.0,8.0
1493,2.0,8.0
1494,2.0,8.0
1495,2.0,8.0
1496,2.0,8.0
1497,2.0,8.0
1498,2.0,8.0
1499,2.0,8.0
1500,2.0,8.0
1501,2.0,8.0
1502,2.0,8.0
1503,2.0,8.0
1504,2.0,8.0
1505,2.0,8.0
1506,2.0,8.0
1507,2.0,8.0
1508,2.0,8.0
1509,2.0,8.0
1510,2.0,8.0
1511,2.0,8.0
1512,2.0,8.0
1513,-2.0,9.0
1514,2.0,8.0
1515,2.0,8.0
1516,2.0,8.0
1517,2.0,8.0
1518,2.0,8.0
1519,2.0,8.0
1520,2.0,8.0
1521,2.0,8.0
1522,2.0,8.0
1523,2.0,8.0
1524,2.0,8.0
1525,2.0,8.0
1526,2.0,8.0
1527,2.0,8.0
1528,2.0,8.0
1529,2.0,8.0
1530,2.0,8.0
1531,2.0,8.0
1532,-11.0,8.0
1533,2.0,8.0
1534,2.0,8.0
1535,2.0,8.0
1536,2.0,8.0
1537,2.0,8.0
1538,2.0,8.0
1539,2.0,8.0
1540,2.0,8.0
1541,2.0,8.0
1542,2.0,8.0
1543,2.0,8.0
1544,2.0,8.0
1545,2.0,8.0
1546,2.0,8.0
1547,2.0,8.0
1548,2.0,8.0
1549,2.0,8.0
1550,-1.0,9.0
1551,2.0,8.0
1552,2.0,8.0
1553,2.0,8.0
1554,2.0,8.0
1555,2.0,8.0
1556,2.0,8.0
1557,2.0,8.0
1558,2.0,8.0
1559,2.0,8.0
1560,2.0,8.0
1561,2.0,8.0
1562,2.0,8.0
1563,2.0,8.0
1564,2.0,8.0
1565,-1.0,9.0
1566,2.0,8.0
1567,2.0,8.0
1568,2.0,8.0
1569,2.0,8.0
1570,2.0,8.0
1571,2.0,8.0
1572,2.0,8.0
1573,2.0,8.0
1574,2.0,8.0
1575,2.0,8.0
1576,2.0,8.0
1577,2.0,8.0
1578,2.0,8.0
1579,2.0,8.0
1580,2.0,8.0
1581,2.0,8.0
1582,-1.0,9.0
1583,2.0,8.0
1584,2.0,8.0
1585,2.0,8.0
1586,2.0,8.0
1587,-11.0,8.0
1588,2.0,8.0
1589,2.0,8.0
1590,2.0,8.0
1591,2.0,8.0
1592,2.0,8.0
1593,2.0,8.0
1594,2.0,8.0
1595,2.0,8.0
1596,2.0,8.0
1597,2.0,8.0
1598,2.0,8.0
1599,2.0,8.0
1600,-1.0,9.0
1601,2.0,8.0
1602,2.0,8.0
1603,2.0,8.0
1604,2.0,8.0
1605,2.0,8.0
1606,2.0,8.0
1607,2.0,8.0
1608,2.0,8.0
1609,2.0,8.0
1610,2.0,8.0
1611,2.0,8.0
1612,2.0,8.0
1613,2.0,8.0
1614,-11.0,8.0
1615,2.0,8.0
1616,2.0,8.0
1617,2.0,8.0
1618,2.0,8.0
1619,2.0,8.0
1620,2.0,8.0
1621,2.0,8.0
1622,2.0,8.0
1623,2.0,8.0
1624,2.0,8.0
1625,2.0,8.0
1626,2.0,8.0
1627,2.0,8.0
1628,2.0,8.0
1629,2.0,8.0
1630,2.0,8.0
1631,2.0,8.0
1632,2.0,8.0
1633,2.0,8.0
1634,2.0,8.0
1635,2.0,8.0
1636,2.0,8.0
1637,2.0,8.0
1638,2.0,8.0
1639,2.0,8.0
1640,2.0,8.0
1641,2.0,8.0
1642,2.0,8.0
1643,2.0,8.0
1644,2.0,8.0
1645,2.0,8.0
1646,2.0,8.0
1647,2.0,8.0
1648,2.0,8.0
1649,2.0,8.0
1650,2.0,8.0
1651,2.0,8.0
1652,2.0,8.0
1653,2.0,8.0
1654,2.0,8.0
1655,2.0,8.0
1656,-11.0,8.0
1657,2.0,8.0
1658,2.0,8.0
1659,2.0,8.0
1660,2.0,8.0
1661,2.0,8.0
1662,-1.0,9.0
1663,2.0,8.0
1664,2.0,8.0
1665,2.0,8.0
1666,2.0,8.0
1667,2.0,8.0
1668,2.0,8.0
1669,2.0,8.0
1670,2.0,8.0
1671,2.0,8.0
1672,2.0,8.0
1673,2.0,8.0
1674,2.0,8.0
1675,2.0,8.0
1676,2.0,8.0
1677,2.0,8.0
1678,2.0,8.0
1679,2.0,8.0
1680,2.0,8.0
1681,2.0,8.0
1682,2.0,8.0
1683,2.0,8.0
1684,2.0,8.0
1685,2.0,8.0
1686,2.0,8.0
1687,2.0,8.0
1688,2.0,8.0
1689,2.0,8.0
1690,2.0,8.0
1691,2.0,8.0
1692,2.0,8.0
1693,2.0,8.0
1694,2.0,8.0
1695,2.0,8.0
1696,2.0,8.0
1697,2.0,8.0
1698,2.0,8.0
1699,2.0,8.0
1700,2.0,8.0
1701,2.0,8.0
1702,2.0,8.0
1703,2.0,8.0
1704,2.0,8.0
1705,2.0,8.0
1706,2.0,8.0
1707,2.0,8.0
1708,2.0,8.0
1709,2.0,8.0
1710,2.0,8.0
1711,2.0,8.0
1712,2.0,8.0
1713,2.0,8.0
1714,2.0,8.0
1715,2.0,8.0
1716,2.0,8.0
1717,2.0,8.0
1718,2.0,8.0
1719,2.0,8.0
1720,2.0,8.0
1721,2.0,8.0
1722,2.0,8.0
1723,2.0,8.0
1724,2.0,8.0
1725,2.0,8.0
1726,2.0,8.0
1727,2.0,8.0
1728,2.0,8.0
1729,2.0,8.0
1730,2.0,8.0
1731,2.0,8.0
1732,2.0,8.0
1733,2.0,8.0
1734,2.0,8.0
1735,2.0,8.0
1736,2.0,8.0
1737,2.0,8.0
1738,2.0,8.0
1739,2.0,8.0
1740,-2.0,9.0
1741,2.0,8.0
1742,2.0,8.0
1743,2.0,8.0
1744,2.0,8.0
1745,2.0,8.0
1746,2.0,8.0
1747,2.0,8.0
1748,2.0,8.0
1749,2.0,8.0
1750,2.0,8.0
1751,2.0,8.0
1752,2.0,8.0
1753,2.0,8.0
1754,2.0,8.0
1755,2.0,8.0
1756,2.0,8.0
1757,2.0,8.0
1758,2.0,8.0
1759,2.0,8.0
1760,2.0,8.0
1761,2.0,8.0
1762,2.0,8.0
1763,2.0,8.0
1764,2.0,8.0
1765,2.0,8.0
1766,2.0,8.0
1767,2.0,8.0
1768,2.0,8.0
1769,2.0,8.0
1770,2.0,8.0
1771,2.0,8.0
1772,2.0,8.0
1773,2.0,8.0
1774,2.0,8.0
1775,2.0,8.0
1776,2.0,8.0
1777,2.0,8.0
1778,2.0,8.0
1779,2.0,8.0
1780,2.0,8.0
1781,2.0,8.0
1782,2.0,8.0
1783,2.0,8.0
1784,2.0,8.0
1785,2.0,8.0
1786,2.0,8.0
1787,2.0,8.0
1788,2.0,8.0
1789,2.0,8.0
1790,2.0,8.0
1791,2.0,8.0
1792,-26.0,8.0
1793,2.0,8.0
1794,2.0,8.0
1795,2.0,8.0
1796,2.0,8.0
1797,2.0,8.0
1798,2.0,8.0
1799,2.0,8.0
1800,2.0,8.0
1801,2.0,8.0
1802,2.0,8.0
1803,2.0,8.0
1804,2.0,8.0
1805,2.0,8.0
1806,2.0,8.0
1807,-11.0,8.0
1808,2.0,8.0
1809,2.0,8.0
1810,2.0,8.0
1811,2.0,8.0
1812,2.0,8.0
1813,2.0,8.0
1814,2.0,8.0
1815,2.0,8.0
1816,2.0,8.0
1817,2.0,8.0
1818,2.0,8.0
1819,2.0,8.0
1820,2.0,8.0
1821,2.0,8.0
1822,2.0,8.0
1823,2.0,8.0
1824,2.0,8.0
1825,2.0,8.0
1826,2.0,8.0
1827,2.0,8.0
1828,2.0,8.0
1829,2.0,8.0
1830,2.0,8.0
1831,2.0,8.0
1832,2.0,8.0
1833,2.0,8.0
1834,2.0,8.0
1835,2.0,8.0
1836,2.0,8.0
1837,2.0,8.0
1838,2.0,8.0
1839,2.0,8.0
1840,2.0,8.0
1841,2.0,8.0
1842,2.0,8.0
1843,2.0,8.0
1844,2.0,8.0
1845,2.0,8.0
1846,2.0,8.0
1847,2.0,8.0
1848,2.0,8.0
1849,2.0,8.0
1850,2.0,8.0
1851,2.0,8.0
1852,2.0,8.0
1853,2.0,8.0
1854,2.0,8.0
1855,2.0,8.0
1856,2.0,8.0
1857,2.0,8.0
1858,2.0,8.0
1859,2.0,8.0
1860,2.0,8.0
1861,2.0,8.0
1862,2.0,8.0
1863,2.0,8.0
1864,2.0,8.0
1865,2.0,8.0
1866,2.0,8.0
1867,2.0,8.0
1868,2.0,8.0
1869,2.0,8.0
1870,2.0,8.0
1871,2.0,8.0
1872,2.0,8.0
1873,2.0,8.0
1874,2.0,8.0
1875,2.0,8.0
1876,2.0,8.0
1877,2.0,8.0
1878,2.0,8.0
1879,2.0,8.0
1880,2.0,8.0
1881,2.0,8.0
1882,2.0,8.0
1883,2.0,8.0
1884,2.0,8.0
1885,2.0,8.0
1886,-11.0,8.0
1887,2.0,8.0
1888,-1.0,9.0
1889,2.0,8.0
1890,2.0,8.0
1891,2.0,8.0
1892,2.0,8.0
1893,2.0,8.0
1894,2.0,8.0
1895,2.0,8.0
1896,2.0,8.0
1897,2.0,8.0
1898,2.0,8.0
1899,2.0,8.0
1900,2.0,8.0
1901,2.0,8.0
1902,2.0,8.0
1903,2.0,8.0
1904,2.0,8.0
1905,2.0,8.0
1906,2.0,8.0
1907,2.0,8.0
1908,2.0,8.0
1909,2.0,8.0
1910,2.0,8.0
1911,2.0,8.0
1912,2.0,8.0
1913,2.0,8.0
1914,2.0,8.0
1915,2.0,8.0
1916,2.0,8.0
1917,2.0,8.0
1918,2.0,8.0
1919,2.0,8.0
1920,2.0,8.0
1921,2.0,8.0
1922,2.0,8.0
1923,2.0,8.0
1924,2.0,8.0
1925,2.0,8.0
1926,2.0,8.0
1927,2.0,8.0
1928,2.0,8.0
1929,2.0,8.0
1930,2.0,8.0
1931,2.0,8.0
1932,-11.0,8.0
1933,2.0,8.0
1934,2.0,8.0
1935,2.0,8.0
1936,2.0,8.0
1937,2.0,8.0
1938,2.0,8.0
1939,2.0,8.0
1940,2.0,8.0
1941,2.0,8.0
1942,2.0,8.0
1943,2.0,8.0
1944,2.0,8.0
1945,2.0,8.0
1946,2.0,8.0
1947,2.0,8.0
1948,2.0,8.0
1949,2.0,8.0
1950,2.0,8.0
1951,2.0,8.0
1952,2.0,8.0
1953,2.0,8.0
1954,2.0,8.0
1955,2.0,8.0
1956,2.0,8.0
1957,2.0,8.0
1958,2.0,8.0
1959,2.0,8.0
1960,2.0,8.0
1961,2.0,8.0
1962,2.0,8.0
1963,2.0,8.0
1964,2.0,8.0
1965,2.0,8.0
1966,2.0,8.0
1967,2.0,8.0
1968,2.0,8.0
1969,2.0,8.0
1970,2.0,8.0
1971,2.0,8.0
1972,2.0,8.0
1973,2.0,8.0
1974,2.0,8.0
1975,2.0,8.0
1976,2.0,8.0
1977,2.0,8.0
1978,2.0,8.0
1979,2.0,8.0
1980,2.0,8.0
1981,2.0,8.0
1982,2.0,8.0
1983,2.0,8.0
1984,2.0,8.0
1985,2.0,8.0
1986,2.0,8.0
1987,2.0,8.0
1988,2.0,8.0
1989,2.0,8.0
1990,2.0,8.0
1991,2.0,8.0
1992,2.0,8.0
1993,2.0,8.0
1994,2.0,8.0
1995,2.0,8.0
1996,2.0,8.0
1997,2.0,8.0
1998,2.0,8.0
1999,2.0,8.0
2000,2.0,8.0
2001,2.0,8.0
2002,2.0,8.0
2003,2.0,8.0
2004,2.0,8.0
2005,2.0,8.0
2006,2.0,8.0
2007,2.0,8.0
2008,2.0,8.0
2009,2.0,8.0
2010,2.0,8.0
2011,2.0,8.0
2012,2.0,8.0
2013,2.0,8.0
2014,2.0,8.0
2015,2.0,8.0
2016,2.0,8.0
2017,2.0,8.0
2018,2.0,8.0
2019,2.0,8.0
2020,2.0,8.0
2021,2.0,8.0
2022,2.0,8.0
2023,2.0,8.0
2024,2.0,8.0
2025,2.0,8.0
2026,-2.0,9.0
2027,2.0,8.0
2028,2.0,8.0
2029,2.0,8.0
2030,2.0,8.0
2031,2.0,8.0
2032,2.0,8.0
2033,2.0,8.0
2034,2.0,8.0
2035,2.0,8.0
2036,2.0,8.0
2037,2.0,8.0
2038,2.0,8.0
2039,2.0,8.0
2040,2.0,8.0
2041,2.0,8.0
2042,2.0,8.0
2043,2.0,8.0
2044,2.0,8.0
2045,2.0,8.0
2046,2.0,8.0
2047,2.0,8.0
2048,2.0,8.0
2049,2.0,8.0
2050,2.0,8.0
2051,2.0,8.0
2052,2.0,8.0
2053,2.0,8.0
2054,2.0,8.0
2055,2.0,8.0
2056,2.0,8.0
2057,2.0,8.0
2058,2.0,8.0
2059,2.0,8.0
2060,2.0,8.0
2061,2.0,8.0
2062,2.0,8.0
2063,2.0,8.0
2064,-11.0,8.0
2065,2.0,8.0
2066,2.0,8.0
2067,2.0,8.0
2068,2.0,8.0
2069,2.0,8.0
2070,2.0,8.0
2071,2.0,8.0
2072,2.0,8.0
2073,2.0,8.0
2074,2.0,8.0
2075,2.0,8.0
2076,2.0,8.0
2077,2.0,8.0
2078,2.0,8.0
2079,2.0,8.0
2080,2.0,8.0
2081,2.0,8.0
2082,2.0,8.0
2083,2.0,8.0
2084,2.0,8.0
2085,2.0,8.0
2086,2.0,8.0
2087,2.0,8.0
2088,2.0,8.0
2089,2.0,8.0
2090,2.0,8.0
2091,2.0,8.0
2092,2.0,8.0
2093,2.0,8.0
2094,2.0,8.0
2095,2.0,8.0
2096,2.0,8.0
2097,2.0,8.0
2098,2.0,8.0
2099,2.0,8.0
2100,2.0,8.0
2101,2.0,8.0
2102,2.0,8.0
2103,2.0,8.0
2104,2.0,8.0
2105,2.0,8.0
2106,2.0,8.0
2107,2.0,8.0
2108,2.0,8.0
2109,2.0,8.0
2110,2.0,8.0
2111,2.0,8.0
2112,2.0,8.0
2113,2.0,8.0
2114,2.0,8.0
2115,2.0,8.0
2116,2.0,8.0
2117,2.0,8.0
2118,2.0,8.0
2119,2.0,8.0
2120,2.0,8.0
2121,2.0,8.0
2122,2.0,8.0
2123,2.0,8.0
2124,2.0,8.0
2125,2.0,8.0
2126,2.0,8.0
2127,2.0,8.0
2128,2.0,8.0
2129,2.0,8.0
2130,2.0,8.0
2131,2.0,8.0
2132,2.0,8.0
2133,2.0,8.0
2134,2.0,8.0
2135,2.0,8.0
2136,2.0,8.0
2137,2.0,8.0
2138,2.0,8.0
2139,2.0,8.0
2140,2.0,8.0
2141,2.0,8.0
2142,2.0,8.0
2143,2.0,8.0
2144,2.0,8.0
2145,2.0,8.0
2146,2.0,8.0
2147,2.0,8.0
2148,2.0,8.0
2149,2.0,8.0
2150,2.0,8.0
2151,2.0,8.0
2152,2.0,8.0
2153,2.0,8.0
2154,2.0,8.0
2155,2.0,8.0
2156,2.0,8.0
2157,2.0,8.0
2158,2.0,8.0
2159,2.0,8.0
2160,2.0,8.0
2161,2.0,8.0
2162,2.0,8.0
2163,2.0,8.0
2164,2.0,8.0
2165,2.0,8.0
2166,2.0,8.0
2167,2.0,8.0
2168,2.0,8.0
2169,2.0,8.0
2170,2.0,8.0
2171,2.0,8.0
2172,2.0,8.0
2173,2.0,8.0
2174,2.0,8.0
2175,2.0,8.0
2176,2.0,8.0
2177,2.0,8.0
2178,2.0,8.0
2179,2.0,8.0
2180,2.0,8.0
2181,2.0,8.0
2182,2.0,8.0
2183,2.0,8.0
2184,2.0,8.0
2185,2.0,8.0
2186,2.0,8.0
2187,2.0,8.0
2188,2.0,8.0
2189,2.0,8.0
2190,2.0,8.0
2191,2.0,8.0
2192,2.0,8.0
2193,2.0,8.0
2194,2.0,8.0
2195,2.0,8.0
2196,2.0,8.0
2197,2.0,8.0
2198,2.0,8.0
2199,2.0,8.0
2200,2.0,8.0
2201,2.0,8.0
2202,2.0,8.0
2203,2.0,8.0
2204,2.0,8.0
2205,2.0,8.0
2206,2.0,8.0
2207,2.0,8.0
2208,2.0,8.0
2209,2.0,8.0
2210,2.0,8.0
2211,2.0,8.0
2212,2.0,8.0
2213,2.0,8.0
2214,2.0,8.0
2215,2.0,8.0
2216,2.0,8.0
2217,2.0,8.0
2218,2.0,8.0
2219,2.0,8.0
2220,2.0,8.0
2221,2.0,8.0
2222,2.0,8.0
2223,2.0,8.0
2224,2.0,8.0
2225,2.0,8.0
2226,2.0,8.0
2227,2.0,8.0
2228,2.0,8.0
2229,2.0,8.0
2230,2.0,8.0
2231,2.0,8.0
2232,2.0,8.0
2233,2.0,8.0
2234,2.0,8.0
2235,2.0,8.0
2236,2.0,8.0
2237,2.0,8.0
2238,2.0,8.0
2239,2.0,8.0
2240,2.0,8.0
2241,2.0,8.0
2242,2.0,8.0
2243,2.0,8.0
2244,2.0,8.0
2245,2.0,8.0
2246,2.0,8.0
2247,2.0,8.0
2248,2.0,8.0
2249,2.0,8.0
2250,2.0,8.0
2251,2.0,8.0
2252,2.0,8.0
2253,2.0,8.0
2254,2.0,8.0
2255,2.0,8.0
2256,2.0,8.0
2257,2.0,8.0
2258,2.0,8.0
2259,2.0,8.0
2260,2.0,8.0
2261,2.0,8.0
2262,2.0,8.0
2263,-2.0,9.0
2264,2.0,8.0
2265,2.0,8.0
2266,2.0,8.0
2267,2.0,8.0
2268,2.0,8.0
2269,2.0,8.0
2270,2.0,8.0
2271,2.0,8.0
2272,2.0,8.0
2273,2.0,8.0
2274,2.0,8.0
2275,2.0,8.0
2276,2.0,8.0
2277,2.0,8.0
2278,2.0,8.0
2279,2.0,8.0
2280,2.0,8.0
2281,2.0,8.0
2282,2.0,8.0
2283,2.0,8.0
2284,2.0,8.0
2285,2.0,8.0
2286,2.0,8.0
2287,2.0,8.0
2288,2.0,8.0
2289,2.0,8.0
2290,2.0,8.0
2291,2.0,8.0
2292,2.0,8.0
2293,2.0,8.0
2294,2.0,8.0
2295,2.0,8.0
2296,2.0,8.0
2297,2.0,8.0
2298,2.0,8.0
2299,-1.0,9.0
2300,2.0,8.0
2301,2.0,8.0
2302,2.0,8.0
2303,2.0,8.0
2304,2.0,8.0
2305,2.0,8.0
2306,2.0,8.0
2307,2.0,8.0
2308,2.0,8.0
2309,2.0,8.0
2310,2.0,8.0
2311,2.0,8.0
2312,2.0,8.0
2313,2.0,8.0
2314,2.0,8.0
2315,2.0,8.0
2316,2.0,8.0
2317,2.0,8.0
2318,2.0,8.0
2319,2.0,8.0
2320,2.0,8.0
2321,-11.0,8.0
2322,2.0,8.0
2323,2.0,8.0
2324,2.0,8.0
2325,2.0,8.0
2326,2.0,8.0
2327,2.0,8.0
2328,2.0,8.0
2329,2.0,8.0
2330,2.0,8.0
2331,2.0,8.0
2332,2.0,8.0
2333,2.0,8.0
2334,2.0,8.0
2335,2.0,8.0
2336,2.0,8.0
2337,2.0,8.0
2338,2.0,8.0
2339,2.0,8.0
2340,2.0,8.0
2341,2.0,8.0
2342,2.0,8.0
2343,2.0,8.0
2344,2.0,8.0
2345,2.0,8.0
2346,2.0,8.0
2347,2.0,8.0
2348,2.0,8.0
2349,2.0,8.0
2350,2.0,8.0
2351,2.0,8.0
2352,2.0,8.0
2353,2.0,8.0
2354,2.0,8.0
2355,2.0,8.0
2356,2.0,8.0
2357,2.0,8.0
2358,2.0,8.0
2359,2.0,8.0
2360,2.0,8.0
2361,2.0,8.0
2362,2.0,8.0
2363,2.0,8.0
2364,2.0,8.0
2365,2.0,8.0
2366,2.0,8.0
2367,2.0,8.0
2368,2.0,8.0
2369,2.0,8.0
2370,2.0,8.0
2371,2.0,8.0
2372,2.0,8.0
2373,2.0,8.0
2374,2.0,8.0
2375,2.0,8.0
2376,2.0,8.0
2377,2.0,8.0
2378,2.0,8.0
2379,2.0,8.0
2380,2.0,8.0
2381,2.0,8.0
2382,2.0,8.0
2383,2.0,8.0
2384,2.0,8.0
2385,2.0,8.0
2386,2.0,8.0
2387,2.0,8.0
2388,2.0,8.0
2389,2.0,8.0
2390,2.0,8.0
2391,2.0,8.0
2392,2.0,8.0
2393,2.0,8.0
2394,2.0,8.0
2395,2.0,8.0
2396,2.0,8.0
2397,2.0,8.0
2398,2.0,8.0
2399,2.0,8.0
2400,2.0,8.0
2401,2.0,8.0
2402,2.0,8.0
2403,2.0,8.0
2404,2.0,8.0
2405,2.0,8.0
2406,2.0,8.0
2407,2.0,8.0
2408,2.0,8.0
2409,2.0,8.0
2410,2.0,8.0
2411,2.0,8.0
2412,2.0,8.0
2413,2.0,8.0
2414,2.0,8.0
2415,2.0,8.0
2416,2.0,8.0
2417,2.0,8.0
2418,2.0,8.0
2419,2.0,8.0
2420,2.0,8.0
2421,2.0,8.0
2422,2.0,8.0
2423,2.0,8.0
2424,2.0,8.0
2425,2.0,8.0
2426,2.0,8.0
2427,2.0,8.0
2428,2.0,8.0
2429,2.0,8.0
2430,2.0,8.0
2431,2.0,8.0
2432,2.0,8.0
2433,2.0,8.0
2434,2.0,8.0
2435,2.0,8.0
2436,2.0,8.0
2437,2.0,8.0
2438,-11.0,8.0
2439,2.0,8.0
2440,2.0,8.0
2441,2.0,8.0
2442,2.0,8.0
2443,2.0,8.0
2444,2.0,8.0
2445,2.0,8.0
2446,2.0,8.0
2447,2.0,8.0
2448,2.0,8.0
2449,2.0,8.0
2450,2.0,8.0
2451,2.0,8.0
2452,2.0,8.0
2453,2.0,8.0
2454,2.0,8.0
2455,2.0,8.0
2456,2.0,8.0
2457,2.0,8.0
2458,2.0,8.0
2459,2.0,8.0
2460,2.0,8.0
2461,2.0,8.0
2462,2.0,8.0
2463,2.0,8.0
2464,2.0,8.0
2465,2.0,8.0
2466,2.0,8.0
2467,2.0,8.0
2468,2.0,8.0
2469,2.0,8.0
2470,2.0,8.0
2471,2.0,8.0
2472,2.0,8.0
2473,2.0,8.0
2474,2.0,8.0
2475,2.0,8.0
2476,2.0,8.0
2477,2.0,8.0
2478,2.0,8.0
2479,2.0,8.0
2480,2.0,8.0
2481,2.0,8.0
2482,2.0,8.0
2483,2.0,8.0
2484,2.0,8.0
2485,2.0,8.0
2486,2.0,8.0
2487,2.0,8.0
2488,2.0,8.0
2489,2.0,8.0
2490,2.0,8.0
2491,2.0,8.0
2492,2.0,8.0
2493,2.0,8.0
2494,2.0,8.0
2495,2.0,8.0
2496,2.0,8.0
2497,2.0,8.0
2498,2.0,8.0
2499,2.0,8.0
2500,2.0,8.0
2501,2.0,8.0
2502,2.0,8.0
2503,2.0,8.0
2504,2.0,8.0
2505,2.0,8.0
2506,2.0,8.0
2507,2.0,8.0
2508,2.0,8.0
2509,2.0,8.0
2510,2.0,8.0
2511,2.0,8.0
2512,2.0,8.0
2513,2.0,8.0
2514,2.0,8.0
2515,2.0,8.0
2516,2.0,8.0
2517,2.0,8.0
2518,2.0,8.0
2519,2.0,8.0
2520,2.0,8.0
2521,2.0,8.0
2522,2.0,8.0
2523,2.0,8.0
2524,2.0,8.0
2525,2.0,8.0
2526,2.0,8.0
2527,2.0,8.0
2528,2.0,8.0
2529,2.0,8.0
2530,2.0,8.0
2531,2.0,8.0
2532,2.0,8.0
2533,2.0,8.0
2534,2.0,8.0
2535,2.0,8.0
2536,2.0,8.0
2537,2.0,8.0
2538,2.0,8.0
2539,2.0,8.0
2540,2.0,8.0
2541,2.0,8.0
2542,2.0,8.0
2543,2.0,8.0
2544,2.0,8.0
2545,2.0,8.0
2546,2.0,8.0
2547,2.0,8.0
2548,-1.0,9.0
2549,2.0,8.0
2550,2.0,8.0
2551,2.0,8.0
2552,2.0,8.0
2553,2.0,8.0
2554,2.0,8.0
2555,2.0,8.0
2556,2.0,8.0
2557,2.0,8.0
2558,2.0,8.0
2559,2.0,8.0
2560,2.0,8.0
2561,2.0,8.0
2562,2.0,8.0
2563,2.0,8.0
2564,2.0,8.0
2565,2.0,8.0
2566,2.0,8.0
2567,2.0,8.0
2568,2.0,8.0
2569,2.0,8.0
2570,2.0,8.0
2571,2.0,8.0
2572,2.0,8.0
2573,2.0,8.0
2574,2.0,8.0
2575,2.0,8.0
2576,2.0,8.0
2577,2.0,8.0
2578,2.0,8.0
2579,2.0,8.0
2580,2.0,8.0
2581,2.0,8.0
2582,2.0,8.0
2583,2.0,8.0
2584,2.0,8.0
2585,2.0,8.0
2586,2.0,8.0
2587,2.0,8.0
2588,2.0,8.0
2589,2.0,8.0
2590,2.0,8.0
2591,2.0,8.0
2592,2.0,8.0
2593,2.0,8.0
2594,2.0,8.0
2595,2.0,8.0
2596,2.0,8.0
2597,2.0,8.0
2598,2.0,8.0
2599,2.0,8.0
2600,2.0,8.0
2601,2.0,8.0
2602,2.0,8.0
2603,2.0,8.0
2604,2.0,8.0
2605,2.0,8.0
2606,2.0,8.0
2607,2.0,8.0
2608,2.0,8.0
2609,2.0,8.0
2610,2.0,8.0
2611,2.0,8.0
2612,2.0,8.0
2613,2.0,8.0
2614,2.0,8.0
2615,2.0,8.0
2616,2.0,8.0
2617,2.0,8.0
2618,2.0,8.0
2619,2.0,8.0
2620,2.0,8.0
2621,2.0,8.0
2622,2.0,8.0
2623,2.0,8.0
2624,2.0,8.0
2625,2.0,8.0
2626,2.0,8.0
2627,2.0,8.0
2628,2.0,8.0
2629,2.0,8.0
2630,2.0,8.0
2631,2.0,8.0
2632,2.0,8.0
2633,2.0,8.0
2634,2.0,8.0
2635,2.0,8.0
2636,2.0,8.0
2637,2.0,8.0
2638,2.0,8.0
2639,2.0,8.0
2640,2.0,8.0
2641,2.0,8.0
2642,2.0,8.0
2643,2.0,8.0
2644,2.0,8.0
2645,2.0,8.0
2646,2.0,8.0
2647,2.0,8.0
2648,2.0,8.0
2649,2.0,8.0
2650,2.0,8.0
2651,2.0,8.0
2652,2.0,8.0
2653,2.0,8.0
2654,2.0,8.0
2655,2.0,8.0
2656,2.0,8.0
2657,2.0,8.0
2658,2.0,8.0
2659,2.0,8.0
2660,2.0,8.0
2661,2.0,8.0
2662,2.0,8.0
2663,2.0,8.0
2664,2.0,8.0
2665,2.0,8.0
2666,2.0,8.0
2667,2.0,8.0
2668,2.0,8.0
2669,2.0,8.0
2670,2.0,8.0
2671,2.0,8.0
2672,2.0,8.0
2673,2.0,8.0
2674,2.0,8.0
2675,2.0,8.0
2676,2.0,8.0
2677,2.0,8.0
2678,2.0,8.0
2679,2.0,8.0
2680,2.0,8.0
2681,2.0,8.0
2682,2.0,8.0
2683,2.0,8.0
2684,2.0,8.0
2685,2.0,8.0
2686,2.0,8.0
2687,2.0,8.0
2688,2.0,8.0
2689,2.0,8.0
2690,2.0,8.0
2691,2.0,8.0
2692,2.0,8.0
2693,2.0,8.0
2694,2.0,8.0
2695,2.0,8.0
2696,2.0,8.0
2697,2.0,8.0
2698,2.0,8.0
2699,2.0,8.0
2700,2.0,8.0
2701,2.0,8.0
2702,2.0,8.0
2703,2.0,8.0
2704,2.0,8.0
2705,2.0,8.0
2706,2.0,8.0
2707,2.0,8.0
2708,2.0,8.0
2709,2.0,8.0
2710,2.0,8.0
2711,2.0,8.0
2712,2.0,8.0
2713,2.0,8.0
2714,2.0,8.0
2715,2.0,8.0
2716,2.0,8.0
2717,2.0,8.0
2718,2.0,8.0
2719,2.0,8.0
2720,2.0,8.0
2721,2.0,8.0
2722,2.0,8.0
2723,2.0,8.0
2724,2.0,8.0
2725,2.0,8.0
2726,2.0,8.0
2727,2.0,8.0
2728,2.0,8.0
2729,2.0,8.0
2730,2.0,8.0
2731,2.0,8.0
2732,2.0,8.0
2733,2.0,8.0
2734,2.0,8.0
2735,2.0,8.0
2736,2.0,8.0
2737,2.0,8.0
2738,2.0,8.0
2739,2.0,8.0
2740,2.0,8.0
2741,2.0,8.0
2742,2.0,8.0
2743,2.0,8.0
2744,2.0,8.0
2745,2.0,8.0
2746,2.0,8.0
2747,2.0,8.0
2748,2.0,8.0
2749,2.0,8.0
2750,2.0,8.0
2751,2.0,8.0
2752,2.0,8.0
2753,2.0,8.0
2754,2.0,8.0
2755,2.0,8.0
2756,2.0,8.0
2757,2.0,8.0
2758,2.0,8.0
2759,2.0,8.0
2760,2.0,8.0
2761,2.0,8.0
2762,2.0,8.0
2763,2.0,8.0
2764,2.0,8.0
2765,2.0,8.0
2766,2.0,8.0
2767,2.0,8.0
2768,2.0,8.0
2769,2.0,8.0
2770,2.0,8.0
2771,2.0,8.0
2772,2.0,8.0
2773,2.0,8.0
2774,2.0,8.0
2775,2.0,8.0
2776,2.0,8.0
2777,2.0,8.0
2778,2.0,8.0
2779,2.0,8.0
2780,2.0,8.0
2781,2.0,8.0
2782,2.0,8.0
2783,2.0,8.0
2784,2.0,8.0
2785,2.0,8.0
2786,2.0,8.0
2787,2.0,8.0
2788,2.0,8.0
2789,2.0,8.0
2790,2.0,8.0
2791,2.0,8.0
2792,2.0,8.0
2793,2.0,8.0
2794,2.0,8.0
2795,2.0,8.0
2796,2.0,8.0
2797,2.0,8.0
2798,2.0,8.0
2799,2.0,8.0
2800,2.0,8.0
2801,2.0,8.0
2802,2.0,8.0
2803,2.0,8.0
2804,2.0,8.0
2805,2.0,8.0
2806,2.0,8.0
2807,2.0,8.0
2808,2.0,8.0
2809,2.0,8.0
2810,2.0,8.0
2811,2.0,8.0
2812,2.0,8.0
2813,2.0,8.0
2814,2.0,8.0
2815,2.0,8.0
2816,2.0,8.0
2817,2.0,8.0
2818,2.0,8.0
2819,2.0,8.0
2820,2.0,8.0
2821,2.0,8.0
2822,2.0,8.0
2823,2.0,8.0
2824,2.0,8.0
2825,2.0,8.0
2826,2.0,8.0
2827,2.0,8.0
2828,2.0,8.0
2829,2.0,8.0
2830,2.0,8.0
2831,2.0,8.0
2832,2.0,8.0
2833,2.0,8.0
2834,2.0,8.0
2835,2.0,8.0
2836,2.0,8.0
2837,2.0,8.0
2838,2.0,8.0
2839,2.0,8.0
2840,2.0,8.0
2841,2.0,8.0
2842,2.0,8.0
2843,2.0,8.0
2844,2.0,8.0
2845,2.0,8.0
2846,2.0,8.0
2847,2.0,8.0
2848,2.0,8.0
2849,2.0,8.0
2850,2.0,8.0
2851,2.0,8.0
2852,2.0,8.0
2853,2.0,8.0
2854,2.0,8.0
2855,2.0,8.0
2856,2.0,8.0
2857,2.0,8.0
2858,2.0,8.0
2859,2.0,8.0
2860,2.0,8.0
2861,2.0,8.0
2862,2.0,8.0
2863,2.0,8.0
2864,2.0,8.0
2865,2.0,8.0
2866,2.0,8.0
2867,2.0,8.0
2868,2.0,8.0
2869,2.0,8.0
2870,2.0,8.0
2871,2.0,8.0
2872,2.0,8.0
2873,2.0,8.0
2874,2.0,8.0
2875,2.0,8.0
2876,2.0,8.0
2877,2.0,8.0
2878,2.0,8.0
2879,2.0,8.0
2880,2.0,8.0
2881,2.0,8.0
2882,2.0,8.0
2883,2.0,8.0
2884,2.0,8.0
2885,2.0,8.0
2886,2.0,8.0
2887,2.0,8.0
2888,2.0,8.0
2889,2.0,8.0
2890,2.0,8.0
2891,2.0,8.0
2892,2.0,8.0
2893,2.0,8.0
2894,2.0,8.0
2895,2.0,8.0
2896,2.0,8.0
2897,2.0,8.0
2898,2.0,8.0
2899,2.0,8.0
2900,2.0,8.0
2901,2.0,8.0
2902,2.0,8.0
2903,2.0,8.0
2904,2.0,8.0
2905,2.0,8.0
2906,2.0,8.0
2907,2.0,8.0
2908,2.0,8.0
2909,2.0,8.0
2910,2.0,8.0
2911,2.0,8.0
2912,2.0,8.0
2913,2.0,8.0
2914,2.0,8.0
2915,2.0,8.0
2916,2.0,8.0
2917,2.0,8.0
2918,2.0,8.0
2919,2.0,8.0
2920,2.0,8.0
2921,2.0,8.0
2922,2.0,8.0
2923,2.0,8.0
2924,2.0,8.0
2925,2.0,8.0
2926,2.0,8.0
2927,2.0,8.0
2928,2.0,8.0
2929,2.0,8.0
2930,2.0,8.0
2931,2.0,8.0
2932,2.0,8.0
2933,2.0,8.0
2934,2.0,8.0
2935,2.0,8.0
2936,2.0,8.0
2937,2.0,8.0
2938,2.0,8.0
2939,2.0,8.0
2940,2.0,8.0
2941,2.0,8.0
2942,2.0,8.0
2943,2.0,8.0
2944,2.0,8.0
2945,2.0,8.0
2946,2.0,8.0
2947,2.0,8.0
2948,2.0,8.0
2949,2.0,8.0
2950,2.0,8.0
2951,2.0,8.0
2952,2.0,8.0
2953,2.0,8.0
2954,2.0,8.0
2955,2.0,8.0
2956,2.0,8.0
2957,2.0,8.0
2958,2.0,8.0
2959,2.0,8.0
2960,2.0,8.0
2961,2.0,8.0
2962,2.0,8.0
2963,2.0,8.0
2964,2.0,8.0
2965,2.0,8.0
2966,2.0,8.0
2967,2.0,8.0
2968,2.0,8.0
2969,2.0,8.0
2970,2.0,8.0
2971,2.0,8.0
2972,2.0,8.0
2973,2.0,8.0
2974,2.0,8.0
2975,2.0,8.0
2976,2.0,8.0
2977,2.0,8.0
2978,2.0,8.0
2979,2.0,8.0
2980,2.0,8.0
2981,2.0,8.0
2982,2.0,8.0
2983,2.0,8.0
2984,2.0,8.0
2985,2.0,8.0
2986,2.0,8.0
2987,2.0,8.0
2988,2.0,8.0
2989,2.0,8.0
2990,2.0,8.0
2991,2.0,8.0
2992,2.0,8.0
2993,2.0,8.0
2994,2.0,8.0
2995,2.0,8.0
2996,2.0,8.0
2997,2.0,8.0
2998,2.0,8.0
2999,2.0,8.0
